{"params": ["0-[20, 20]-0.001", "0-[20, 20]-0.0001", "0-[20, 20]-1e-05", "0-[50, 50]-0.001", "0-[50, 50]-0.0001", "0-[50, 50]-1e-05", "0-[100, 100]-0.001", "0-[100, 100]-0.0001", "0-[100, 100]-1e-05", "0-[120, 120]-0.001", "0-[120, 120]-0.0001", "0-[120, 120]-1e-05", "0.0001-[20, 20]-0.001", "0.0001-[20, 20]-0.0001", "0.0001-[20, 20]-1e-05", "0.0001-[50, 50]-0.001", "0.0001-[50, 50]-0.0001", "0.0001-[50, 50]-1e-05", "0.0001-[100, 100]-0.001", "0.0001-[100, 100]-0.0001", "0.0001-[100, 100]-1e-05", "0.0001-[120, 120]-0.001", "0.0001-[120, 120]-0.0001", "0.0001-[120, 120]-1e-05", "0.001-[20, 20]-0.001", "0.001-[20, 20]-0.0001", "0.001-[20, 20]-1e-05", "0.001-[50, 50]-0.001", "0.001-[50, 50]-0.0001", "0.001-[50, 50]-1e-05", "0.001-[100, 100]-0.001", "0.001-[100, 100]-0.0001", "0.001-[100, 100]-1e-05", "0.001-[120, 120]-0.001", "0.001-[120, 120]-0.0001", "0.001-[120, 120]-1e-05", "0.01-[20, 20]-0.001", "0.01-[20, 20]-0.0001", "0.01-[20, 20]-1e-05", "0.01-[50, 50]-0.001", "0.01-[50, 50]-0.0001", "0.01-[50, 50]-1e-05", "0.01-[100, 100]-0.001", "0.01-[100, 100]-0.0001", "0.01-[100, 100]-1e-05", "0.01-[120, 120]-0.001", "0.01-[120, 120]-0.0001", "0.01-[120, 120]-1e-05"], "val": [0.7733333333333333, 0.7066666666666667, 0.68, 0.72, 0.72, 0.5333333333333333, 0.7066666666666667, 0.7333333333333333, 0.5333333333333333, 0.7333333333333333, 0.76, 0.7333333333333333, 0.7866666666666666, 0.7333333333333333, 0.4666666666666667, 0.7333333333333333, 0.7333333333333333, 0.5333333333333333, 0.7066666666666667, 0.7333333333333333, 0.5333333333333333, 0.76, 0.7733333333333333, 0.7466666666666667, 0.7066666666666667, 0.7066666666666667, 0.4666666666666667, 0.7066666666666667, 0.72, 0.5333333333333333, 0.7066666666666667, 0.72, 0.5333333333333333, 0.76, 0.7733333333333333, 0.7466666666666667, 0.7866666666666666, 0.72, 0.4666666666666667, 0.7333333333333333, 0.7333333333333333, 0.5333333333333333, 0.7066666666666667, 0.72, 0.7333333333333333, 0.6933333333333334, 0.7733333333333333, 0.72], "test": [0.7753623188405797, 0.7898550724637681, 0.5579710144927537, 0.782608695652174, 0.7898550724637681, 0.5, 0.782608695652174, 0.8695652173913043, 0.5, 0.782608695652174, 0.8405797101449275, 0.8405797101449275, 0.782608695652174, 0.8043478260869565, 0.5, 0.7898550724637681, 0.8478260869565217, 0.5, 0.7898550724637681, 0.8695652173913043, 0.5, 0.7898550724637681, 0.8623188405797102, 0.8405797101449275, 0.7898550724637681, 0.8115942028985508, 0.5, 0.8115942028985508, 0.8478260869565217, 0.5, 0.7898550724637681, 0.8695652173913043, 0.5, 0.7608695652173914, 0.8695652173913043, 0.8478260869565217, 0.782608695652174, 0.7898550724637681, 0.5, 0.7898550724637681, 0.8188405797101449, 0.5, 0.7971014492753623, 0.8478260869565217, 0.782608695652174, 0.782608695652174, 0.8260869565217391, 0.8188405797101449]}